Year,Mode of Transport,Mode_Share
2019,"Bus, excluding Dublin Metro",0.195705491965139
2019,Dublin Metro Bus,0.804294508034861
2019,Rail,0.0
2020,"Bus, excluding Dublin Metro",0.1677174583314561
2020,Dublin Metro Bus,0.6707958044454472
2020,Rail,0.16148673722309673
2021,"Bus, excluding Dublin Metro",0.18063724165651118
2021,Dublin Metro Bus,0.6727944817128121
2021,Rail,0.14656827663067667
2022,"Bus, excluding Dublin Metro",0.17459106695722282
2022,Dublin Metro Bus,0.6540587017634113
2022,Rail,0.17135023127936588
2023,"Bus, excluding Dublin Metro",0.1750308375347523
2023,Dublin Metro Bus,0.6499715696362603
2023,Rail,0.17499759282898739
