date,Year,Week,Mode of Transport,Journeys
2018-12-31,2019,1,Dublin Metro Bus,1987891.0
2018-12-31,2019,1,"Bus, excluding Dublin Metro",497598.0
2018-12-31,2019,1,"All public transport, excluding LUAS",2485489.0
2018-12-31,2019,1,Rail,0.0
2019-01-07,2019,2,Rail,0.0
2019-01-07,2019,2,"All public transport, excluding LUAS",3343343.0
2019-01-07,2019,2,Dublin Metro Bus,2709579.0
2019-01-07,2019,2,"Bus, excluding Dublin Metro",633764.0
2019-01-14,2019,3,Rail,0.0
2019-01-14,2019,3,"All public transport, excluding LUAS",3462775.0
2019-01-14,2019,3,"Bus, excluding Dublin Metro",678097.0
2019-01-14,2019,3,Dublin Metro Bus,2784678.0
2019-01-21,2019,4,"All public transport, excluding LUAS",3534486.0
2019-01-21,2019,4,"Bus, excluding Dublin Metro",676140.0
2019-01-21,2019,4,Rail,0.0
2019-01-21,2019,4,Dublin Metro Bus,2858346.0
2019-01-28,2019,5,Rail,0.0
2019-01-28,2019,5,"All public transport, excluding LUAS",3597261.0
2019-01-28,2019,5,"Bus, excluding Dublin Metro",672440.0
2019-01-28,2019,5,Dublin Metro Bus,2924821.0
2019-02-04,2019,6,Rail,0.0
2019-02-04,2019,6,"All public transport, excluding LUAS",3676533.0
2019-02-04,2019,6,Dublin Metro Bus,2979960.0
2019-02-04,2019,6,"Bus, excluding Dublin Metro",696573.0
2019-02-11,2019,7,"All public transport, excluding LUAS",3790304.0
2019-02-11,2019,7,Dublin Metro Bus,3053710.0
2019-02-11,2019,7,"Bus, excluding Dublin Metro",736594.0
2019-02-11,2019,7,Rail,0.0
2019-02-18,2019,8,"All public transport, excluding LUAS",3604972.0
2019-02-18,2019,8,"Bus, excluding Dublin Metro",677931.0
2019-02-18,2019,8,Dublin Metro Bus,2927041.0
2019-02-18,2019,8,Rail,0.0
2019-02-25,2019,9,Dublin Metro Bus,2989171.0
2019-02-25,2019,9,Rail,0.0
2019-02-25,2019,9,"All public transport, excluding LUAS",3695468.0
2019-02-25,2019,9,"Bus, excluding Dublin Metro",706297.0
2019-03-04,2019,10,Dublin Metro Bus,3065148.0
2019-03-04,2019,10,Rail,0.0
2019-03-04,2019,10,"Bus, excluding Dublin Metro",718505.0
2019-03-04,2019,10,"All public transport, excluding LUAS",3783653.0
2019-03-11,2019,11,Rail,0.0
2019-03-11,2019,11,"Bus, excluding Dublin Metro",731042.0
2019-03-11,2019,11,"All public transport, excluding LUAS",3729482.0
2019-03-11,2019,11,Dublin Metro Bus,2998440.0
2019-03-18,2019,12,Rail,0.0
2019-03-18,2019,12,Dublin Metro Bus,2742468.0
2019-03-18,2019,12,"Bus, excluding Dublin Metro",665202.0
2019-03-18,2019,12,"All public transport, excluding LUAS",3407670.0
2019-03-25,2019,13,"Bus, excluding Dublin Metro",749734.0
2019-03-25,2019,13,"All public transport, excluding LUAS",3886607.0
2019-03-25,2019,13,Dublin Metro Bus,3136873.0
2019-03-25,2019,13,Rail,0.0
2019-04-01,2019,14,"Bus, excluding Dublin Metro",725196.0
2019-04-01,2019,14,Rail,0.0
2019-04-01,2019,14,Dublin Metro Bus,3087216.0
2019-04-01,2019,14,"All public transport, excluding LUAS",3812412.0
2019-04-08,2019,15,"Bus, excluding Dublin Metro",717874.0
2019-04-08,2019,15,Rail,0.0
2019-04-08,2019,15,Dublin Metro Bus,3101074.0
2019-04-08,2019,15,"All public transport, excluding LUAS",3818948.0
2019-04-15,2019,16,Rail,0.0
2019-04-15,2019,16,"All public transport, excluding LUAS",3360396.0
2019-04-15,2019,16,"Bus, excluding Dublin Metro",636735.0
2019-04-15,2019,16,Dublin Metro Bus,2723661.0
2019-04-22,2019,17,Rail,0.0
2019-04-22,2019,17,"Bus, excluding Dublin Metro",601236.0
2019-04-22,2019,17,"All public transport, excluding LUAS",3136749.0
2019-04-22,2019,17,Dublin Metro Bus,2535513.0
2019-04-29,2019,18,Rail,0.0
2019-04-29,2019,18,"Bus, excluding Dublin Metro",727961.0
2019-04-29,2019,18,"All public transport, excluding LUAS",3718637.0
2019-04-29,2019,18,Dublin Metro Bus,2990676.0
2019-05-06,2019,19,"Bus, excluding Dublin Metro",650874.0
2019-05-06,2019,19,Rail,0.0
2019-05-06,2019,19,"All public transport, excluding LUAS",3370829.0
2019-05-06,2019,19,Dublin Metro Bus,2719955.0
2019-05-13,2019,20,"Bus, excluding Dublin Metro",691221.0
2019-05-13,2019,20,Rail,0.0
2019-05-13,2019,20,Dublin Metro Bus,2960967.0
2019-05-13,2019,20,"All public transport, excluding LUAS",3652188.0
2019-05-20,2019,21,"Bus, excluding Dublin Metro",701342.0
2019-05-20,2019,21,Dublin Metro Bus,2938021.0
2019-05-20,2019,21,Rail,0.0
2019-05-20,2019,21,"All public transport, excluding LUAS",3639363.0
2019-05-27,2019,22,Rail,0.0
2019-05-27,2019,22,Dublin Metro Bus,2900323.0
2019-05-27,2019,22,"All public transport, excluding LUAS",3581722.0
2019-05-27,2019,22,"Bus, excluding Dublin Metro",681399.0
2019-06-03,2019,23,"All public transport, excluding LUAS",3209364.0
2019-06-03,2019,23,Dublin Metro Bus,2591616.0
2019-06-03,2019,23,"Bus, excluding Dublin Metro",617748.0
2019-06-03,2019,23,Rail,0.0
2019-06-10,2019,24,"All public transport, excluding LUAS",3514291.0
2019-06-10,2019,24,"Bus, excluding Dublin Metro",669882.0
2019-06-10,2019,24,Dublin Metro Bus,2844409.0
2019-06-10,2019,24,Rail,0.0
2019-06-17,2019,25,"All public transport, excluding LUAS",3507550.0
2019-06-17,2019,25,Dublin Metro Bus,2826773.0
2019-06-17,2019,25,"Bus, excluding Dublin Metro",680777.0
2019-06-17,2019,25,Rail,0.0
2019-06-24,2019,26,Dublin Metro Bus,2840156.0
2019-06-24,2019,26,"All public transport, excluding LUAS",3527023.0
2019-06-24,2019,26,"Bus, excluding Dublin Metro",686867.0
2019-06-24,2019,26,Rail,0.0
2019-07-01,2019,27,Rail,0.0
2019-07-01,2019,27,Dublin Metro Bus,2953254.0
2019-07-01,2019,27,"Bus, excluding Dublin Metro",705163.0
2019-07-01,2019,27,"All public transport, excluding LUAS",3658417.0
2019-07-08,2019,28,"Bus, excluding Dublin Metro",713037.0
2019-07-08,2019,28,Dublin Metro Bus,2954091.0
2019-07-08,2019,28,"All public transport, excluding LUAS",3667128.0
2019-07-08,2019,28,Rail,0.0
2019-07-15,2019,29,Rail,0.0
2019-07-15,2019,29,"Bus, excluding Dublin Metro",701340.0
2019-07-15,2019,29,"All public transport, excluding LUAS",3596712.0
2019-07-15,2019,29,Dublin Metro Bus,2895372.0
2019-07-22,2019,30,"Bus, excluding Dublin Metro",713657.0
2019-07-22,2019,30,Dublin Metro Bus,2939485.0
2019-07-22,2019,30,"All public transport, excluding LUAS",3653142.0
2019-07-22,2019,30,Rail,0.0
2019-07-29,2019,31,Rail,0.0
2019-07-29,2019,31,Dublin Metro Bus,2725260.0
2019-07-29,2019,31,"All public transport, excluding LUAS",3405876.0
2019-07-29,2019,31,"Bus, excluding Dublin Metro",680616.0
2019-08-05,2019,32,Rail,0.0
2019-08-05,2019,32,Dublin Metro Bus,2547806.0
2019-08-05,2019,32,"All public transport, excluding LUAS",3164567.0
2019-08-05,2019,32,"Bus, excluding Dublin Metro",616761.0
2019-08-12,2019,33,Rail,0.0
2019-08-12,2019,33,"All public transport, excluding LUAS",3422765.0
2019-08-12,2019,33,"Bus, excluding Dublin Metro",697890.0
2019-08-12,2019,33,Dublin Metro Bus,2724875.0
2019-08-19,2019,34,Rail,0.0
2019-08-19,2019,34,"All public transport, excluding LUAS",3482725.0
2019-08-19,2019,34,"Bus, excluding Dublin Metro",689702.0
2019-08-19,2019,34,Dublin Metro Bus,2793023.0
2019-08-26,2019,35,Rail,0.0
2019-08-26,2019,35,"Bus, excluding Dublin Metro",695388.0
2019-08-26,2019,35,Dublin Metro Bus,2872215.0
2019-08-26,2019,35,"All public transport, excluding LUAS",3567603.0
2019-09-02,2019,36,"Bus, excluding Dublin Metro",744038.0
2019-09-02,2019,36,"All public transport, excluding LUAS",3743607.0
2019-09-02,2019,36,Rail,0.0
2019-09-02,2019,36,Dublin Metro Bus,2999569.0
2019-09-09,2019,37,Rail,0.0
2019-09-09,2019,37,"All public transport, excluding LUAS",3929875.0
2019-09-09,2019,37,"Bus, excluding Dublin Metro",820112.0
2019-09-09,2019,37,Dublin Metro Bus,3109763.0
2019-09-16,2019,38,Rail,0.0
2019-09-16,2019,38,"All public transport, excluding LUAS",4010829.0
2019-09-16,2019,38,Dublin Metro Bus,3182473.0
2019-09-16,2019,38,"Bus, excluding Dublin Metro",828356.0
2019-09-23,2019,39,Rail,0.0
2019-09-23,2019,39,"Bus, excluding Dublin Metro",814190.0
2019-09-23,2019,39,"All public transport, excluding LUAS",4018232.0
2019-09-23,2019,39,Dublin Metro Bus,3204042.0
2019-09-30,2019,40,"All public transport, excluding LUAS",3915759.0
2019-09-30,2019,40,Dublin Metro Bus,3139165.0
2019-09-30,2019,40,"Bus, excluding Dublin Metro",776594.0
2019-09-30,2019,40,Rail,0.0
2019-10-07,2019,41,"All public transport, excluding LUAS",4067984.0
2019-10-07,2019,41,Rail,0.0
2019-10-07,2019,41,Dublin Metro Bus,3243670.0
2019-10-07,2019,41,"Bus, excluding Dublin Metro",824314.0
2019-10-14,2019,42,"All public transport, excluding LUAS",4044491.0
2019-10-14,2019,42,Dublin Metro Bus,3238993.0
2019-10-14,2019,42,Rail,0.0
2019-10-14,2019,42,"Bus, excluding Dublin Metro",805498.0
2019-10-21,2019,43,"Bus, excluding Dublin Metro",824331.0
2019-10-21,2019,43,"All public transport, excluding LUAS",3995255.0
2019-10-21,2019,43,Dublin Metro Bus,3170924.0
2019-10-21,2019,43,Rail,0.0
2019-10-28,2019,44,"Bus, excluding Dublin Metro",655906.0
2019-10-28,2019,44,"All public transport, excluding LUAS",3364007.0
2019-10-28,2019,44,Rail,0.0
2019-10-28,2019,44,Dublin Metro Bus,2708101.0
2019-11-04,2019,45,"All public transport, excluding LUAS",3906365.0
2019-11-04,2019,45,Dublin Metro Bus,3130443.0
2019-11-04,2019,45,"Bus, excluding Dublin Metro",775922.0
2019-11-04,2019,45,Rail,0.0
2019-11-11,2019,46,Dublin Metro Bus,3206894.0
2019-11-11,2019,46,"Bus, excluding Dublin Metro",783830.0
2019-11-11,2019,46,Rail,0.0
2019-11-11,2019,46,"All public transport, excluding LUAS",3990724.0
2019-11-18,2019,47,"All public transport, excluding LUAS",3964812.0
2019-11-18,2019,47,Dublin Metro Bus,3192052.0
2019-11-18,2019,47,"Bus, excluding Dublin Metro",772760.0
2019-11-18,2019,47,Rail,0.0
2019-11-25,2019,48,"Bus, excluding Dublin Metro",794233.0
2019-11-25,2019,48,"All public transport, excluding LUAS",4045954.0
2019-11-25,2019,48,Rail,0.0
2019-11-25,2019,48,Dublin Metro Bus,3251721.0
2019-12-02,2019,49,"Bus, excluding Dublin Metro",773085.0
2019-12-02,2019,49,"All public transport, excluding LUAS",3989075.0
2019-12-02,2019,49,Dublin Metro Bus,3215990.0
2019-12-02,2019,49,Rail,0.0
2019-12-09,2019,50,"Bus, excluding Dublin Metro",768340.0
2019-12-09,2019,50,"All public transport, excluding LUAS",4040078.0
2019-12-09,2019,50,Dublin Metro Bus,3271738.0
2019-12-09,2019,50,Rail,0.0
2019-12-16,2019,51,Rail,0.0
2019-12-16,2019,51,"Bus, excluding Dublin Metro",900418.0
2019-12-16,2019,51,"All public transport, excluding LUAS",4067125.0
2019-12-16,2019,51,Dublin Metro Bus,3166707.0
2019-12-23,2019,52,"All public transport, excluding LUAS",1996529.0
2019-12-23,2019,52,Rail,0.0
2019-12-23,2019,52,"Bus, excluding Dublin Metro",397160.0
2019-12-23,2019,52,Dublin Metro Bus,1599369.0
2019-12-30,2019,53,"Bus, excluding Dublin Metro",0.0
2019-12-30,2019,53,Dublin Metro Bus,0.0
2019-12-30,2019,53,"All public transport, excluding LUAS",0.0
2019-12-30,2020,1,Dublin Metro Bus,1970550.0
2019-12-30,2020,1,Rail,697954.0
2019-12-30,2019,53,Rail,0.0
2019-12-30,2020,1,"All public transport, excluding LUAS",3192321.0
2019-12-30,2020,1,"Bus, excluding Dublin Metro",523817.0
2020-01-06,2020,2,Rail,899175.0
2020-01-06,2020,2,"All public transport, excluding LUAS",4382560.0
2020-01-06,2020,2,"Bus, excluding Dublin Metro",652672.0
2020-01-06,2020,2,Dublin Metro Bus,2830713.0
2020-01-13,2020,3,Rail,925257.0
2020-01-13,2020,3,Dublin Metro Bus,2907797.0
2020-01-13,2020,3,"Bus, excluding Dublin Metro",693102.0
2020-01-13,2020,3,"All public transport, excluding LUAS",4526156.0
2020-01-20,2020,4,Dublin Metro Bus,3076009.0
2020-01-20,2020,4,"Bus, excluding Dublin Metro",747531.0
2020-01-20,2020,4,"All public transport, excluding LUAS",4783243.0
2020-01-20,2020,4,Rail,959703.0
2020-01-27,2020,5,"Bus, excluding Dublin Metro",755189.0
2020-01-27,2020,5,Rail,1019494.0
2020-01-27,2020,5,Dublin Metro Bus,3152056.0
2020-01-27,2020,5,"All public transport, excluding LUAS",4926739.0
2020-02-03,2020,6,"Bus, excluding Dublin Metro",748401.0
2020-02-03,2020,6,Dublin Metro Bus,3104689.0
2020-02-03,2020,6,"All public transport, excluding LUAS",4894762.0
2020-02-03,2020,6,Rail,1041672.0
2020-02-10,2020,7,"Bus, excluding Dublin Metro",729974.0
2020-02-10,2020,7,Rail,908680.0
2020-02-10,2020,7,"All public transport, excluding LUAS",4736640.0
2020-02-10,2020,7,Dublin Metro Bus,3097986.0
2020-02-17,2020,8,Dublin Metro Bus,3046425.0
2020-02-17,2020,8,"All public transport, excluding LUAS",4729113.0
2020-02-17,2020,8,Rail,954421.0
2020-02-17,2020,8,"Bus, excluding Dublin Metro",728267.0
2020-02-24,2020,9,Rail,946324.0
2020-02-24,2020,9,"All public transport, excluding LUAS",4830525.0
2020-02-24,2020,9,"Bus, excluding Dublin Metro",738222.0
2020-02-24,2020,9,Dublin Metro Bus,3145979.0
2020-03-02,2020,10,"Bus, excluding Dublin Metro",755581.0
2020-03-02,2020,10,Rail,851347.0
2020-03-02,2020,10,"All public transport, excluding LUAS",4710632.0
2020-03-02,2020,10,Dublin Metro Bus,3103704.0
2020-03-09,2020,11,Rail,907046.0
2020-03-09,2020,11,"Bus, excluding Dublin Metro",585892.0
2020-03-09,2020,11,"All public transport, excluding LUAS",3944434.0
2020-03-09,2020,11,Dublin Metro Bus,2451496.0
2020-03-16,2020,12,"Bus, excluding Dublin Metro",189509.0
2020-03-16,2020,12,Rail,627170.0
2020-03-16,2020,12,Dublin Metro Bus,828756.0
2020-03-16,2020,12,"All public transport, excluding LUAS",1645435.0
2020-03-23,2020,13,"Bus, excluding Dublin Metro",143429.0
2020-03-23,2020,13,Dublin Metro Bus,593463.0
2020-03-23,2020,13,Rail,77149.0
2020-03-23,2020,13,"All public transport, excluding LUAS",814041.0
2020-03-30,2020,14,"All public transport, excluding LUAS",477460.0
2020-03-30,2020,14,Dublin Metro Bus,365560.0
2020-03-30,2020,14,"Bus, excluding Dublin Metro",85598.0
2020-03-30,2020,14,Rail,26302.0
2020-04-06,2020,15,Dublin Metro Bus,374262.0
2020-04-06,2020,15,"All public transport, excluding LUAS",489022.0
2020-04-06,2020,15,"Bus, excluding Dublin Metro",91529.0
2020-04-06,2020,15,Rail,23231.0
2020-04-13,2020,16,Rail,28071.0
2020-04-13,2020,16,"All public transport, excluding LUAS",475208.0
2020-04-13,2020,16,Dublin Metro Bus,361266.0
2020-04-13,2020,16,"Bus, excluding Dublin Metro",85871.0
2020-04-20,2020,17,Dublin Metro Bus,408826.0
2020-04-20,2020,17,"All public transport, excluding LUAS",542368.0
2020-04-20,2020,17,Rail,32787.0
2020-04-20,2020,17,"Bus, excluding Dublin Metro",100755.0
2020-04-27,2020,18,Dublin Metro Bus,433369.0
2020-04-27,2020,18,"Bus, excluding Dublin Metro",106193.0
2020-04-27,2020,18,"All public transport, excluding LUAS",574916.0
2020-04-27,2020,18,Rail,35354.0
2020-05-04,2020,19,"Bus, excluding Dublin Metro",110131.0
2020-05-04,2020,19,Dublin Metro Bus,449887.0
2020-05-04,2020,19,"All public transport, excluding LUAS",598160.0
2020-05-04,2020,19,Rail,38142.0
2020-05-11,2020,20,"All public transport, excluding LUAS",671396.0
2020-05-11,2020,20,"Bus, excluding Dublin Metro",122686.0
2020-05-11,2020,20,Rail,44431.0
2020-05-11,2020,20,Dublin Metro Bus,504279.0
2020-05-18,2020,21,Rail,69766.0
2020-05-18,2020,21,"All public transport, excluding LUAS",851294.0
2020-05-18,2020,21,"Bus, excluding Dublin Metro",149607.0
2020-05-18,2020,21,Dublin Metro Bus,631921.0
2020-05-25,2020,22,Dublin Metro Bus,740034.0
2020-05-25,2020,22,"Bus, excluding Dublin Metro",171072.0
2020-05-25,2020,22,"All public transport, excluding LUAS",1010073.0
2020-05-25,2020,22,Rail,98967.0
2020-06-01,2020,23,"All public transport, excluding LUAS",988184.0
2020-06-01,2020,23,Dublin Metro Bus,717292.0
2020-06-01,2020,23,Rail,101021.0
2020-06-01,2020,23,"Bus, excluding Dublin Metro",169871.0
2020-06-08,2020,24,Rail,138791.0
2020-06-08,2020,24,"All public transport, excluding LUAS",1243833.0
2020-06-08,2020,24,"Bus, excluding Dublin Metro",219384.0
2020-06-08,2020,24,Dublin Metro Bus,885658.0
2020-06-15,2020,25,"All public transport, excluding LUAS",1425917.0
2020-06-15,2020,25,Rail,170670.0
2020-06-15,2020,25,Dublin Metro Bus,1004952.0
2020-06-15,2020,25,"Bus, excluding Dublin Metro",250295.0
2020-06-22,2020,26,Rail,199508.0
2020-06-22,2020,26,"Bus, excluding Dublin Metro",259592.0
2020-06-22,2020,26,Dublin Metro Bus,1050419.0
2020-06-22,2020,26,"All public transport, excluding LUAS",1509519.0
2020-06-29,2020,27,"Bus, excluding Dublin Metro",305350.0
2020-06-29,2020,27,Rail,261970.0
2020-06-29,2020,27,Dublin Metro Bus,1215359.0
2020-06-29,2020,27,"All public transport, excluding LUAS",1782679.0
2020-07-06,2020,28,"All public transport, excluding LUAS",1902485.0
2020-07-06,2020,28,"Bus, excluding Dublin Metro",338931.0
2020-07-06,2020,28,Dublin Metro Bus,1301584.0
2020-07-06,2020,28,Rail,261970.0
2020-07-13,2020,29,"All public transport, excluding LUAS",1942958.0
2020-07-13,2020,29,Rail,278033.0
2020-07-13,2020,29,Dublin Metro Bus,1317821.0
2020-07-13,2020,29,"Bus, excluding Dublin Metro",347104.0
2020-07-20,2020,30,Rail,286232.0
2020-07-20,2020,30,"All public transport, excluding LUAS",1990648.0
2020-07-20,2020,30,Dublin Metro Bus,1345580.0
2020-07-20,2020,30,"Bus, excluding Dublin Metro",358836.0
2020-07-27,2020,31,"Bus, excluding Dublin Metro",369536.0
2020-07-27,2020,31,Dublin Metro Bus,1390530.0
2020-07-27,2020,31,Rail,305731.0
2020-07-27,2020,31,"All public transport, excluding LUAS",2065797.0
2020-08-03,2020,32,Dublin Metro Bus,1340117.0
2020-08-03,2020,32,Rail,323489.0
2020-08-03,2020,32,"Bus, excluding Dublin Metro",357425.0
2020-08-03,2020,32,"All public transport, excluding LUAS",2021031.0
2020-08-10,2020,33,"All public transport, excluding LUAS",2082565.0
2020-08-10,2020,33,Rail,295557.0
2020-08-10,2020,33,Dublin Metro Bus,1404722.0
2020-08-10,2020,33,"Bus, excluding Dublin Metro",382286.0
2020-08-17,2020,34,Rail,258999.0
2020-08-17,2020,34,"All public transport, excluding LUAS",1982956.0
2020-08-17,2020,34,Dublin Metro Bus,1369602.0
2020-08-17,2020,34,"Bus, excluding Dublin Metro",354355.0
2020-08-24,2020,35,"Bus, excluding Dublin Metro",390235.0
2020-08-24,2020,35,Dublin Metro Bus,1448462.0
2020-08-24,2020,35,"All public transport, excluding LUAS",2124360.0
2020-08-24,2020,35,Rail,285663.0
2020-08-31,2020,36,Rail,332558.0
2020-08-31,2020,36,"All public transport, excluding LUAS",2331634.0
2020-08-31,2020,36,Dublin Metro Bus,1580362.0
2020-08-31,2020,36,"Bus, excluding Dublin Metro",418714.0
2020-09-07,2020,37,Rail,346681.0
2020-09-07,2020,37,"Bus, excluding Dublin Metro",427899.0
2020-09-07,2020,37,Dublin Metro Bus,1642110.0
2020-09-07,2020,37,"All public transport, excluding LUAS",2416690.0
2020-09-14,2020,38,Dublin Metro Bus,1578521.0
2020-09-14,2020,38,"All public transport, excluding LUAS",2335157.0
2020-09-14,2020,38,"Bus, excluding Dublin Metro",432729.0
2020-09-14,2020,38,Rail,323907.0
2020-09-21,2020,39,"Bus, excluding Dublin Metro",438357.0
2020-09-21,2020,39,Rail,289803.0
2020-09-21,2020,39,Dublin Metro Bus,1517678.0
2020-09-21,2020,39,"All public transport, excluding LUAS",2245838.0
2020-09-28,2020,40,Rail,284420.0
2020-09-28,2020,40,"All public transport, excluding LUAS",2209598.0
2020-09-28,2020,40,"Bus, excluding Dublin Metro",435417.0
2020-09-28,2020,40,Dublin Metro Bus,1489761.0
2020-10-05,2020,41,Rail,275531.0
2020-10-05,2020,41,Dublin Metro Bus,1554561.0
2020-10-05,2020,41,"All public transport, excluding LUAS",2236078.0
2020-10-05,2020,41,"Bus, excluding Dublin Metro",405986.0
2020-10-12,2020,42,Rail,263936.0
2020-10-12,2020,42,"Bus, excluding Dublin Metro",382078.0
2020-10-12,2020,42,Dublin Metro Bus,1535839.0
2020-10-12,2020,42,"All public transport, excluding LUAS",2181853.0
2020-10-19,2020,43,"Bus, excluding Dublin Metro",319938.0
2020-10-19,2020,43,Dublin Metro Bus,1297841.0
2020-10-19,2020,43,Rail,197097.0
2020-10-19,2020,43,"All public transport, excluding LUAS",1814876.0
2020-10-26,2020,44,"All public transport, excluding LUAS",1191582.0
2020-10-26,2020,44,"Bus, excluding Dublin Metro",204748.0
2020-10-26,2020,44,Rail,118406.0
2020-10-26,2020,44,Dublin Metro Bus,868428.0
2020-11-02,2020,45,"Bus, excluding Dublin Metro",289411.0
2020-11-02,2020,45,Rail,181839.0
2020-11-02,2020,45,"All public transport, excluding LUAS",1635147.0
2020-11-02,2020,45,Dublin Metro Bus,1163897.0
2020-11-09,2020,46,"All public transport, excluding LUAS",1637010.0
2020-11-09,2020,46,"Bus, excluding Dublin Metro",291201.0
2020-11-09,2020,46,Rail,176067.0
2020-11-09,2020,46,Dublin Metro Bus,1169742.0
2020-11-16,2020,47,Dublin Metro Bus,1207986.0
2020-11-16,2020,47,"All public transport, excluding LUAS",1707528.0
2020-11-16,2020,47,"Bus, excluding Dublin Metro",302115.0
2020-11-16,2020,47,Rail,197427.0
2020-11-23,2020,48,"All public transport, excluding LUAS",1742985.0
2020-11-23,2020,48,"Bus, excluding Dublin Metro",307535.0
2020-11-23,2020,48,Dublin Metro Bus,1241445.0
2020-11-23,2020,48,Rail,194005.0
2020-11-30,2020,49,"Bus, excluding Dublin Metro",407988.0
2020-11-30,2020,49,"All public transport, excluding LUAS",2289748.0
2020-11-30,2020,49,Rail,295306.0
2020-11-30,2020,49,Dublin Metro Bus,1586454.0
2020-12-07,2020,50,Dublin Metro Bus,1682988.0
2020-12-07,2020,50,"Bus, excluding Dublin Metro",436740.0
2020-12-07,2020,50,"All public transport, excluding LUAS",2435121.0
2020-12-07,2020,50,Rail,315393.0
2020-12-14,2020,51,"All public transport, excluding LUAS",2512500.0
2020-12-14,2020,51,Dublin Metro Bus,1745336.0
2020-12-14,2020,51,Rail,322484.0
2020-12-14,2020,51,"Bus, excluding Dublin Metro",444680.0
2020-12-21,2020,52,Dublin Metro Bus,1076018.0
2020-12-21,2020,52,"Bus, excluding Dublin Metro",272410.0
2020-12-21,2020,52,"All public transport, excluding LUAS",1533410.0
2020-12-21,2020,52,Rail,184982.0
2020-12-28,2020,53,"All public transport, excluding LUAS",979775.0
2020-12-28,2020,53,"Bus, excluding Dublin Metro",170366.0
2020-12-28,2020,53,Dublin Metro Bus,707458.0
2020-12-28,2020,53,Rail,101951.0
2021-01-04,2021,1,"Bus, excluding Dublin Metro",184151.0
2021-01-04,2021,1,Dublin Metro Bus,747912.0
2021-01-04,2021,1,Rail,107227.0
2021-01-04,2021,1,"All public transport, excluding LUAS",1039290.0
2021-01-11,2021,2,Dublin Metro Bus,735000.0
2021-01-11,2021,2,"Bus, excluding Dublin Metro",184333.0
2021-01-11,2021,2,Rail,90529.0
2021-01-11,2021,2,"All public transport, excluding LUAS",1009862.0
2021-01-18,2021,3,"Bus, excluding Dublin Metro",184441.0
2021-01-18,2021,3,"All public transport, excluding LUAS",1009170.0
2021-01-18,2021,3,Rail,93456.0
2021-01-18,2021,3,Dublin Metro Bus,731273.0
2021-01-25,2021,4,Rail,93322.0
2021-01-25,2021,4,Dublin Metro Bus,742813.0
2021-01-25,2021,4,"All public transport, excluding LUAS",1025401.0
2021-01-25,2021,4,"Bus, excluding Dublin Metro",189266.0
2021-02-01,2021,5,"All public transport, excluding LUAS",1098464.0
2021-02-01,2021,5,Rail,105426.0
2021-02-01,2021,5,"Bus, excluding Dublin Metro",201849.0
2021-02-01,2021,5,Dublin Metro Bus,791189.0
2021-02-08,2021,6,Rail,96338.0
2021-02-08,2021,6,"Bus, excluding Dublin Metro",198989.0
2021-02-08,2021,6,Dublin Metro Bus,775491.0
2021-02-08,2021,6,"All public transport, excluding LUAS",1070818.0
2021-02-15,2021,7,Rail,114588.0
2021-02-15,2021,7,Dublin Metro Bus,849801.0
2021-02-15,2021,7,"All public transport, excluding LUAS",1175040.0
2021-02-15,2021,7,"Bus, excluding Dublin Metro",210651.0
2021-02-22,2021,8,Dublin Metro Bus,884911.0
2021-02-22,2021,8,Rail,127685.0
2021-02-22,2021,8,"All public transport, excluding LUAS",1230680.0
2021-02-22,2021,8,"Bus, excluding Dublin Metro",218084.0
2021-03-01,2021,9,Dublin Metro Bus,947256.0
2021-03-01,2021,9,Rail,142782.0
2021-03-01,2021,9,"All public transport, excluding LUAS",1330175.0
2021-03-01,2021,9,"Bus, excluding Dublin Metro",240137.0
2021-03-08,2021,10,"Bus, excluding Dublin Metro",239123.0
2021-03-08,2021,10,Dublin Metro Bus,945236.0
2021-03-08,2021,10,Rail,134132.0
2021-03-08,2021,10,"All public transport, excluding LUAS",1318491.0
2021-03-15,2021,11,Rail,144852.0
2021-03-15,2021,11,"Bus, excluding Dublin Metro",246289.0
2021-03-15,2021,11,"All public transport, excluding LUAS",1354709.0
2021-03-15,2021,11,Dublin Metro Bus,963568.0
2021-03-22,2021,12,"Bus, excluding Dublin Metro",260235.0
2021-03-22,2021,12,Rail,149153.0
2021-03-22,2021,12,Dublin Metro Bus,1015358.0
2021-03-22,2021,12,"All public transport, excluding LUAS",1424746.0
2021-03-29,2021,13,"All public transport, excluding LUAS",1440498.0
2021-03-29,2021,13,Rail,172949.0
2021-03-29,2021,13,Dublin Metro Bus,1007971.0
2021-03-29,2021,13,"Bus, excluding Dublin Metro",259578.0
2021-04-05,2021,14,"All public transport, excluding LUAS",1294761.0
2021-04-05,2021,14,Rail,144048.0
2021-04-05,2021,14,"Bus, excluding Dublin Metro",239121.0
2021-04-05,2021,14,Dublin Metro Bus,911592.0
2021-04-12,2021,15,"All public transport, excluding LUAS",1709088.0
2021-04-12,2021,15,Rail,225466.0
2021-04-12,2021,15,"Bus, excluding Dublin Metro",310154.0
2021-04-12,2021,15,Dublin Metro Bus,1173468.0
2021-04-19,2021,16,"Bus, excluding Dublin Metro",326905.0
2021-04-19,2021,16,Dublin Metro Bus,1227564.0
2021-04-19,2021,16,"All public transport, excluding LUAS",1818478.0
2021-04-19,2021,16,Rail,264009.0
2021-04-26,2021,17,"All public transport, excluding LUAS",1765624.0
2021-04-26,2021,17,Dublin Metro Bus,1218011.0
2021-04-26,2021,17,Rail,225261.0
2021-04-26,2021,17,"Bus, excluding Dublin Metro",322352.0
2021-05-03,2021,18,Rail,216234.0
2021-05-03,2021,18,"Bus, excluding Dublin Metro",287627.0
2021-05-03,2021,18,Dublin Metro Bus,1096020.0
2021-05-03,2021,18,"All public transport, excluding LUAS",1599881.0
2021-05-10,2021,19,"All public transport, excluding LUAS",1983801.0
2021-05-10,2021,19,Dublin Metro Bus,1355893.0
2021-05-10,2021,19,Rail,269055.0
2021-05-10,2021,19,"Bus, excluding Dublin Metro",358853.0
2021-05-17,2021,20,"All public transport, excluding LUAS",2136594.0
2021-05-17,2021,20,"Bus, excluding Dublin Metro",391144.0
2021-05-17,2021,20,Rail,274137.0
2021-05-17,2021,20,Dublin Metro Bus,1471313.0
2021-05-24,2021,21,"All public transport, excluding LUAS",2347824.0
2021-05-24,2021,21,"Bus, excluding Dublin Metro",418633.0
2021-05-24,2021,21,Dublin Metro Bus,1562407.0
2021-05-24,2021,21,Rail,366784.0
2021-05-31,2021,22,"All public transport, excluding LUAS",2359340.0
2021-05-31,2021,22,Rail,393257.0
2021-05-31,2021,22,Dublin Metro Bus,1547915.0
2021-05-31,2021,22,"Bus, excluding Dublin Metro",418168.0
2021-06-07,2021,23,"Bus, excluding Dublin Metro",411324.0
2021-06-07,2021,23,Rail,377568.0
2021-06-07,2021,23,"All public transport, excluding LUAS",2316503.0
2021-06-07,2021,23,Dublin Metro Bus,1527611.0
2021-06-14,2021,24,Dublin Metro Bus,1623456.0
2021-06-14,2021,24,Rail,371228.0
2021-06-14,2021,24,"All public transport, excluding LUAS",2441224.0
2021-06-14,2021,24,"Bus, excluding Dublin Metro",446540.0
2021-06-21,2021,25,"All public transport, excluding LUAS",2423476.0
2021-06-21,2021,25,Rail,368609.0
2021-06-21,2021,25,Dublin Metro Bus,1603926.0
2021-06-21,2021,25,"Bus, excluding Dublin Metro",450941.0
2021-06-28,2021,26,Dublin Metro Bus,1586039.0
2021-06-28,2021,26,"Bus, excluding Dublin Metro",447514.0
2021-06-28,2021,26,"All public transport, excluding LUAS",2432684.0
2021-06-28,2021,26,Rail,399131.0
2021-07-05,2021,27,"Bus, excluding Dublin Metro",441652.0
2021-07-05,2021,27,Rail,359807.0
2021-07-05,2021,27,"All public transport, excluding LUAS",2360325.0
2021-07-05,2021,27,Dublin Metro Bus,1558866.0
2021-07-12,2021,28,Rail,455660.0
2021-07-12,2021,28,"Bus, excluding Dublin Metro",466323.0
2021-07-12,2021,28,Dublin Metro Bus,1623323.0
2021-07-12,2021,28,"All public transport, excluding LUAS",2545306.0
2021-07-19,2021,29,"All public transport, excluding LUAS",2561063.0
2021-07-19,2021,29,Dublin Metro Bus,1629341.0
2021-07-19,2021,29,"Bus, excluding Dublin Metro",465320.0
2021-07-19,2021,29,Rail,466402.0
2021-07-26,2021,30,"All public transport, excluding LUAS",2432424.0
2021-07-26,2021,30,Dublin Metro Bus,1595175.0
2021-07-26,2021,30,"Bus, excluding Dublin Metro",449602.0
2021-07-26,2021,30,Rail,387647.0
2021-08-02,2021,31,"All public transport, excluding LUAS",2306444.0
2021-08-02,2021,31,"Bus, excluding Dublin Metro",410910.0
2021-08-02,2021,31,Rail,386299.0
2021-08-02,2021,31,Dublin Metro Bus,1509235.0
2021-08-09,2021,32,Dublin Metro Bus,1636634.0
2021-08-09,2021,32,"All public transport, excluding LUAS",2496868.0
2021-08-09,2021,32,"Bus, excluding Dublin Metro",457401.0
2021-08-09,2021,32,Rail,402833.0
2021-08-16,2021,33,Rail,396685.0
2021-08-16,2021,33,Dublin Metro Bus,1655260.0
2021-08-16,2021,33,"All public transport, excluding LUAS",2511576.0
2021-08-16,2021,33,"Bus, excluding Dublin Metro",459631.0
2021-08-23,2021,34,"Bus, excluding Dublin Metro",505692.0
2021-08-23,2021,34,Rail,475258.0
2021-08-23,2021,34,Dublin Metro Bus,1766188.0
2021-08-23,2021,34,"All public transport, excluding LUAS",2747138.0
2021-08-30,2021,35,Dublin Metro Bus,1849382.0
2021-08-30,2021,35,"Bus, excluding Dublin Metro",507106.0
2021-08-30,2021,35,Rail,445064.0
2021-08-30,2021,35,"All public transport, excluding LUAS",2801552.0
2021-09-06,2021,36,Dublin Metro Bus,1919743.0
2021-09-06,2021,36,"Bus, excluding Dublin Metro",527134.0
2021-09-06,2021,36,Rail,454290.0
2021-09-06,2021,36,"All public transport, excluding LUAS",2901167.0
2021-09-13,2021,37,Rail,430036.0
2021-09-13,2021,37,Dublin Metro Bus,1996559.0
2021-09-13,2021,37,"Bus, excluding Dublin Metro",544763.0
2021-09-13,2021,37,"All public transport, excluding LUAS",2971358.0
2021-09-20,2021,38,Rail,481469.0
2021-09-20,2021,38,Dublin Metro Bus,2133682.0
2021-09-20,2021,38,"Bus, excluding Dublin Metro",578850.0
2021-09-20,2021,38,"All public transport, excluding LUAS",3194001.0
2021-09-27,2021,39,"Bus, excluding Dublin Metro",604775.0
2021-09-27,2021,39,"All public transport, excluding LUAS",3321597.0
2021-09-27,2021,39,Dublin Metro Bus,2200701.0
2021-09-27,2021,39,Rail,516121.0
2021-10-04,2021,40,Rail,523639.0
2021-10-04,2021,40,Dublin Metro Bus,2247599.0
2021-10-04,2021,40,"Bus, excluding Dublin Metro",601080.0
2021-10-04,2021,40,"All public transport, excluding LUAS",3372318.0
2021-10-11,2021,41,Rail,524870.0
2021-10-11,2021,41,"Bus, excluding Dublin Metro",613892.0
2021-10-11,2021,41,Dublin Metro Bus,2247417.0
2021-10-11,2021,41,"All public transport, excluding LUAS",3386179.0
2021-10-18,2021,42,"Bus, excluding Dublin Metro",609960.0
2021-10-18,2021,42,Dublin Metro Bus,2260213.0
2021-10-18,2021,42,Rail,462006.0
2021-10-18,2021,42,"All public transport, excluding LUAS",3332179.0
2021-10-25,2021,43,Dublin Metro Bus,1815542.0
2021-10-25,2021,43,Rail,440154.0
2021-10-25,2021,43,"All public transport, excluding LUAS",2757221.0
2021-10-25,2021,43,"Bus, excluding Dublin Metro",501525.0
2021-11-01,2021,44,"Bus, excluding Dublin Metro",588321.0
2021-11-01,2021,44,Dublin Metro Bus,2239515.0
2021-11-01,2021,44,Rail,569327.0
2021-11-01,2021,44,"All public transport, excluding LUAS",3397163.0
2021-11-08,2021,45,Rail,570080.0
2021-11-08,2021,45,"All public transport, excluding LUAS",3421352.0
2021-11-08,2021,45,Dublin Metro Bus,2258734.0
2021-11-08,2021,45,"Bus, excluding Dublin Metro",592538.0
2021-11-15,2021,46,Dublin Metro Bus,2218390.0
2021-11-15,2021,46,"All public transport, excluding LUAS",3326874.0
2021-11-15,2021,46,"Bus, excluding Dublin Metro",598813.0
2021-11-15,2021,46,Rail,509671.0
2021-11-22,2021,47,Dublin Metro Bus,2159300.0
2021-11-22,2021,47,"Bus, excluding Dublin Metro",573025.0
2021-11-22,2021,47,Rail,465963.0
2021-11-22,2021,47,"All public transport, excluding LUAS",3198288.0
2021-11-29,2021,48,Dublin Metro Bus,2126792.0
2021-11-29,2021,48,"Bus, excluding Dublin Metro",545762.0
2021-11-29,2021,48,Rail,465590.0
2021-11-29,2021,48,"All public transport, excluding LUAS",3138144.0
2021-12-06,2021,49,"Bus, excluding Dublin Metro",478897.0
2021-12-06,2021,49,Rail,417041.0
2021-12-06,2021,49,"All public transport, excluding LUAS",2806513.0
2021-12-06,2021,49,Dublin Metro Bus,1910575.0
2021-12-13,2021,50,Rail,477149.0
2021-12-13,2021,50,"Bus, excluding Dublin Metro",586228.0
2021-12-13,2021,50,"All public transport, excluding LUAS",3236799.0
2021-12-13,2021,50,Dublin Metro Bus,2173422.0
2021-12-20,2021,51,"Bus, excluding Dublin Metro",396284.0
2021-12-20,2021,51,"All public transport, excluding LUAS",2171645.0
2021-12-20,2021,51,Dublin Metro Bus,1496396.0
2021-12-20,2021,51,Rail,278965.0
2021-12-27,2021,52,"All public transport, excluding LUAS",1632579.0
2021-12-27,2021,52,"Bus, excluding Dublin Metro",289588.0
2021-12-27,2021,52,Rail,243709.0
2021-12-27,2021,52,Dublin Metro Bus,1099282.0
2022-01-03,2022,1,Rail,288051.0
2022-01-03,2022,1,"All public transport, excluding LUAS",2059797.0
2022-01-03,2022,1,"Bus, excluding Dublin Metro",365503.0
2022-01-03,2022,1,Dublin Metro Bus,1406243.0
2022-01-03,2021,53,"Bus, excluding Dublin Metro",0.0
2022-01-03,2021,53,Rail,0.0
2022-01-03,2021,53,"All public transport, excluding LUAS",0.0
2022-01-03,2021,53,Dublin Metro Bus,0.0
2022-01-10,2022,2,Dublin Metro Bus,1779235.0
2022-01-10,2022,2,"Bus, excluding Dublin Metro",475432.0
2022-01-10,2022,2,"All public transport, excluding LUAS",2612333.0
2022-01-10,2022,2,Rail,357666.0
2022-01-17,2022,3,"All public transport, excluding LUAS",2885771.0
2022-01-17,2022,3,Rail,399947.0
2022-01-17,2022,3,"Bus, excluding Dublin Metro",519750.0
2022-01-17,2022,3,Dublin Metro Bus,1966074.0
2022-01-24,2022,4,"All public transport, excluding LUAS",3113728.0
2022-01-24,2022,4,Dublin Metro Bus,2109953.0
2022-01-24,2022,4,"Bus, excluding Dublin Metro",550396.0
2022-01-24,2022,4,Rail,453379.0
2022-01-31,2022,5,Rail,524640.0
2022-01-31,2022,5,"Bus, excluding Dublin Metro",562335.0
2022-01-31,2022,5,Dublin Metro Bus,2180251.0
2022-01-31,2022,5,"All public transport, excluding LUAS",3267226.0
2022-02-07,2022,6,Rail,477140.0
2022-02-07,2022,6,"Bus, excluding Dublin Metro",582446.0
2022-02-07,2022,6,Dublin Metro Bus,2222594.0
2022-02-07,2022,6,"All public transport, excluding LUAS",3282180.0
2022-02-14,2022,7,Dublin Metro Bus,2145226.0
2022-02-14,2022,7,Rail,471325.0
2022-02-14,2022,7,"All public transport, excluding LUAS",3143569.0
2022-02-14,2022,7,"Bus, excluding Dublin Metro",527018.0
2022-02-21,2022,8,Dublin Metro Bus,2104859.0
2022-02-21,2022,8,Rail,533442.0
2022-02-21,2022,8,"All public transport, excluding LUAS",3181580.0
2022-02-21,2022,8,"Bus, excluding Dublin Metro",543279.0
2022-02-28,2022,9,Rail,589825.0
2022-02-28,2022,9,"Bus, excluding Dublin Metro",612819.0
2022-02-28,2022,9,Dublin Metro Bus,2393755.0
2022-02-28,2022,9,"All public transport, excluding LUAS",3596399.0
2022-03-07,2022,10,"Bus, excluding Dublin Metro",572414.0
2022-03-07,2022,10,Rail,507442.0
2022-03-07,2022,10,"All public transport, excluding LUAS",3380613.0
2022-03-07,2022,10,Dublin Metro Bus,2300757.0
2022-03-14,2022,11,"All public transport, excluding LUAS",3242343.0
2022-03-14,2022,11,Rail,580364.0
2022-03-14,2022,11,"Bus, excluding Dublin Metro",540807.0
2022-03-14,2022,11,Dublin Metro Bus,2121172.0
2022-03-21,2022,12,"All public transport, excluding LUAS",3639309.0
2022-03-21,2022,12,Dublin Metro Bus,2432024.0
2022-03-21,2022,12,"Bus, excluding Dublin Metro",608648.0
2022-03-21,2022,12,Rail,598637.0
2022-03-28,2022,13,"Bus, excluding Dublin Metro",591604.0
2022-03-28,2022,13,"All public transport, excluding LUAS",3565301.0
2022-03-28,2022,13,Dublin Metro Bus,2371286.0
2022-03-28,2022,13,Rail,602411.0
2022-04-04,2022,14,"Bus, excluding Dublin Metro",616574.0
2022-04-04,2022,14,Rail,581420.0
2022-04-04,2022,14,Dublin Metro Bus,2450481.0
2022-04-04,2022,14,"All public transport, excluding LUAS",3648475.0
2022-04-11,2022,15,"Bus, excluding Dublin Metro",556672.0
2022-04-11,2022,15,Rail,557169.0
2022-04-11,2022,15,Dublin Metro Bus,2266854.0
2022-04-11,2022,15,"All public transport, excluding LUAS",3380695.0
2022-04-18,2022,16,Rail,590864.0
2022-04-18,2022,16,"All public transport, excluding LUAS",3390227.0
2022-04-18,2022,16,"Bus, excluding Dublin Metro",570284.0
2022-04-18,2022,16,Dublin Metro Bus,2229079.0
2022-04-25,2022,17,Rail,599078.0
2022-04-25,2022,17,"Bus, excluding Dublin Metro",666915.0
2022-04-25,2022,17,"All public transport, excluding LUAS",3737583.0
2022-04-25,2022,17,Dublin Metro Bus,2471590.0
2022-05-02,2022,18,Dublin Metro Bus,2335362.0
2022-05-02,2022,18,"Bus, excluding Dublin Metro",645649.0
2022-05-02,2022,18,"All public transport, excluding LUAS",3614874.0
2022-05-02,2022,18,Rail,633863.0
2022-05-09,2022,19,"All public transport, excluding LUAS",3621404.0
2022-05-09,2022,19,"Bus, excluding Dublin Metro",681036.0
2022-05-09,2022,19,Dublin Metro Bus,2267822.0
2022-05-09,2022,19,Rail,672546.0
2022-05-16,2022,20,"All public transport, excluding LUAS",3773400.0
2022-05-16,2022,20,Rail,650548.0
2022-05-16,2022,20,Dublin Metro Bus,2454491.0
2022-05-16,2022,20,"Bus, excluding Dublin Metro",668361.0
2022-05-23,2022,21,Dublin Metro Bus,2449292.0
2022-05-23,2022,21,"Bus, excluding Dublin Metro",671051.0
2022-05-23,2022,21,Rail,663418.0
2022-05-23,2022,21,"All public transport, excluding LUAS",3783761.0
2022-05-30,2022,22,Dublin Metro Bus,2461534.0
2022-05-30,2022,22,"Bus, excluding Dublin Metro",675775.0
2022-05-30,2022,22,"All public transport, excluding LUAS",3838230.0
2022-05-30,2022,22,Rail,700921.0
2022-06-06,2022,23,Rail,646250.0
2022-06-06,2022,23,Dublin Metro Bus,2417295.0
2022-06-06,2022,23,"All public transport, excluding LUAS",3692053.0
2022-06-06,2022,23,"Bus, excluding Dublin Metro",628508.0
2022-06-13,2022,24,"All public transport, excluding LUAS",3705819.0
2022-06-13,2022,24,Rail,718874.0
2022-06-13,2022,24,Dublin Metro Bus,2297192.0
2022-06-13,2022,24,"Bus, excluding Dublin Metro",689753.0
2022-06-20,2022,25,Rail,777823.0
2022-06-20,2022,25,"All public transport, excluding LUAS",3909012.0
2022-06-20,2022,25,"Bus, excluding Dublin Metro",672758.0
2022-06-20,2022,25,Dublin Metro Bus,2458431.0
2022-06-27,2022,26,"All public transport, excluding LUAS",3821006.0
2022-06-27,2022,26,Dublin Metro Bus,2456029.0
2022-06-27,2022,26,Rail,723963.0
2022-06-27,2022,26,"Bus, excluding Dublin Metro",641014.0
2022-07-04,2022,27,"All public transport, excluding LUAS",3912598.0
2022-07-04,2022,27,Rail,768799.0
2022-07-04,2022,27,Dublin Metro Bus,2455447.0
2022-07-04,2022,27,"Bus, excluding Dublin Metro",688352.0
2022-07-11,2022,28,"All public transport, excluding LUAS",3945159.0
2022-07-11,2022,28,Rail,788475.0
2022-07-11,2022,28,"Bus, excluding Dublin Metro",693305.0
2022-07-11,2022,28,Dublin Metro Bus,2463379.0
2022-07-18,2022,29,Rail,780426.0
2022-07-18,2022,29,"All public transport, excluding LUAS",3886252.0
2022-07-18,2022,29,Dublin Metro Bus,2437677.0
2022-07-18,2022,29,"Bus, excluding Dublin Metro",668149.0
2022-07-25,2022,30,Dublin Metro Bus,2428637.0
2022-07-25,2022,30,Rail,694529.0
2022-07-25,2022,30,"All public transport, excluding LUAS",3777200.0
2022-07-25,2022,30,"Bus, excluding Dublin Metro",654034.0
2022-08-01,2022,31,Dublin Metro Bus,2391497.0
2022-08-01,2022,31,"All public transport, excluding LUAS",3686936.0
2022-08-01,2022,31,Rail,695776.0
2022-08-01,2022,31,"Bus, excluding Dublin Metro",599663.0
2022-08-08,2022,32,"Bus, excluding Dublin Metro",700075.0
2022-08-08,2022,32,"All public transport, excluding LUAS",4046046.0
2022-08-08,2022,32,Rail,776829.0
2022-08-08,2022,32,Dublin Metro Bus,2569142.0
2022-08-15,2022,33,Rail,708368.0
2022-08-15,2022,33,"All public transport, excluding LUAS",3951286.0
2022-08-15,2022,33,"Bus, excluding Dublin Metro",687677.0
2022-08-15,2022,33,Dublin Metro Bus,2555241.0
2022-08-22,2022,34,Dublin Metro Bus,2614443.0
2022-08-22,2022,34,Rail,753379.0
2022-08-22,2022,34,"All public transport, excluding LUAS",4087816.0
2022-08-22,2022,34,"Bus, excluding Dublin Metro",719994.0
2022-08-29,2022,35,Dublin Metro Bus,2694493.0
2022-08-29,2022,35,"Bus, excluding Dublin Metro",703280.0
2022-08-29,2022,35,"All public transport, excluding LUAS",4071888.0
2022-08-29,2022,35,Rail,674115.0
2022-09-05,2022,36,Rail,735395.0
2022-09-05,2022,36,"All public transport, excluding LUAS",4252098.0
2022-09-05,2022,36,"Bus, excluding Dublin Metro",746245.0
2022-09-05,2022,36,Dublin Metro Bus,2770458.0
2022-09-12,2022,37,"All public transport, excluding LUAS",4596312.0
2022-09-12,2022,37,"Bus, excluding Dublin Metro",823471.0
2022-09-12,2022,37,Dublin Metro Bus,2991127.0
2022-09-12,2022,37,Rail,781714.0
2022-09-19,2022,38,Rail,777177.0
2022-09-19,2022,38,Dublin Metro Bus,3026029.0
2022-09-19,2022,38,"Bus, excluding Dublin Metro",849445.0
2022-09-19,2022,38,"All public transport, excluding LUAS",4652651.0
2022-09-26,2022,39,"All public transport, excluding LUAS",4819510.0
2022-09-26,2022,39,"Bus, excluding Dublin Metro",885387.0
2022-09-26,2022,39,Dublin Metro Bus,3092163.0
2022-09-26,2022,39,Rail,841960.0
2022-10-03,2022,40,Rail,841573.0
2022-10-03,2022,40,"All public transport, excluding LUAS",4870433.0
2022-10-03,2022,40,Dublin Metro Bus,3132650.0
2022-10-03,2022,40,"Bus, excluding Dublin Metro",896210.0
2022-10-10,2022,41,"All public transport, excluding LUAS",4830259.0
2022-10-10,2022,41,Dublin Metro Bus,3130260.0
2022-10-10,2022,41,Rail,814269.0
2022-10-10,2022,41,"Bus, excluding Dublin Metro",885730.0
2022-10-17,2022,42,Dublin Metro Bus,3096053.0
2022-10-17,2022,42,"All public transport, excluding LUAS",4787076.0
2022-10-17,2022,42,Rail,824247.0
2022-10-17,2022,42,"Bus, excluding Dublin Metro",866776.0
2022-10-24,2022,43,Rail,799752.0
2022-10-24,2022,43,Dublin Metro Bus,3157869.0
2022-10-24,2022,43,"Bus, excluding Dublin Metro",891987.0
2022-10-24,2022,43,"All public transport, excluding LUAS",4849608.0
2022-10-31,2022,44,"Bus, excluding Dublin Metro",736242.0
2022-10-31,2022,44,"All public transport, excluding LUAS",4227620.0
2022-10-31,2022,44,Dublin Metro Bus,2723592.0
2022-10-31,2022,44,Rail,767786.0
2022-11-07,2022,45,"All public transport, excluding LUAS",4882932.0
2022-11-07,2022,45,Dublin Metro Bus,3157496.0
2022-11-07,2022,45,"Bus, excluding Dublin Metro",864536.0
2022-11-07,2022,45,Rail,860900.0
2022-11-14,2022,46,"Bus, excluding Dublin Metro",891579.0
2022-11-14,2022,46,Rail,863826.0
2022-11-14,2022,46,Dublin Metro Bus,3192643.0
2022-11-14,2022,46,"All public transport, excluding LUAS",4948048.0
2022-11-21,2022,47,"Bus, excluding Dublin Metro",871810.0
2022-11-21,2022,47,Rail,810472.0
2022-11-21,2022,47,"All public transport, excluding LUAS",4797072.0
2022-11-21,2022,47,Dublin Metro Bus,3114790.0
2022-11-28,2022,48,"Bus, excluding Dublin Metro",852232.0
2022-11-28,2022,48,"All public transport, excluding LUAS",4810091.0
2022-11-28,2022,48,Dublin Metro Bus,3147713.0
2022-11-28,2022,48,Rail,810146.0
2022-12-05,2022,49,Rail,831900.0
2022-12-05,2022,49,"All public transport, excluding LUAS",4746525.0
2022-12-05,2022,49,"Bus, excluding Dublin Metro",840769.0
2022-12-05,2022,49,Dublin Metro Bus,3073856.0
2022-12-12,2022,50,"Bus, excluding Dublin Metro",800708.0
2022-12-12,2022,50,"All public transport, excluding LUAS",4656099.0
2022-12-12,2022,50,Rail,805056.0
2022-12-12,2022,50,Dublin Metro Bus,3050335.0
2022-12-19,2022,51,Dublin Metro Bus,2741688.0
2022-12-19,2022,51,"Bus, excluding Dublin Metro",662302.0
2022-12-19,2022,51,"All public transport, excluding LUAS",4023247.0
2022-12-19,2022,51,Rail,619257.0
2022-12-26,2022,52,"All public transport, excluding LUAS",3730211.0
2022-12-26,2022,52,"Bus, excluding Dublin Metro",478378.0
2022-12-26,2022,52,Dublin Metro Bus,2840848.0
2022-12-26,2022,52,Rail,410985.0
2023-01-02,2023,1,"Bus, excluding Dublin Metro",614352.0
2023-01-02,2023,1,"All public transport, excluding LUAS",3532942.0
2023-01-02,2023,1,Rail,593351.0
2023-01-02,2023,1,Dublin Metro Bus,2325239.0
2023-01-02,2022,53,Rail,0.0
2023-01-02,2022,53,Dublin Metro Bus,0.0
2023-01-02,2022,53,"All public transport, excluding LUAS",0.0
2023-01-02,2022,53,"Bus, excluding Dublin Metro",0.0
2023-01-09,2023,2,Dublin Metro Bus,2791337.0
2023-01-09,2023,2,"Bus, excluding Dublin Metro",742138.0
2023-01-09,2023,2,"All public transport, excluding LUAS",4226984.0
2023-01-09,2023,2,Rail,693509.0
2023-01-16,2023,3,"Bus, excluding Dublin Metro",791800.0
2023-01-16,2023,3,"All public transport, excluding LUAS",4477023.0
2023-01-16,2023,3,Dublin Metro Bus,2948010.0
2023-01-16,2023,3,Rail,737213.0
2023-01-23,2023,4,"Bus, excluding Dublin Metro",858179.0
2023-01-23,2023,4,"All public transport, excluding LUAS",4828950.0
2023-01-23,2023,4,Dublin Metro Bus,3166957.0
2023-01-23,2023,4,Rail,803814.0
2023-01-30,2023,5,"Bus, excluding Dublin Metro",867139.0
2023-01-30,2023,5,"All public transport, excluding LUAS",4868694.0
2023-01-30,2023,5,Dublin Metro Bus,3157789.0
2023-01-30,2023,5,Rail,843766.0
2023-02-06,2023,6,Rail,783829.0
2023-02-06,2023,6,Dublin Metro Bus,2957697.0
2023-02-06,2023,6,"Bus, excluding Dublin Metro",803293.0
2023-02-06,2023,6,"All public transport, excluding LUAS",4544819.0
2023-02-13,2023,7,Rail,825296.0
2023-02-13,2023,7,Dublin Metro Bus,3095444.0
2023-02-13,2023,7,"Bus, excluding Dublin Metro",882482.0
2023-02-13,2023,7,"All public transport, excluding LUAS",4803222.0
2023-02-20,2023,8,Rail,843175.0
2023-02-20,2023,8,Dublin Metro Bus,3232516.0
2023-02-20,2023,8,"Bus, excluding Dublin Metro",885217.0
2023-02-20,2023,8,"All public transport, excluding LUAS",4960908.0
2023-02-27,2023,9,Dublin Metro Bus,3207780.0
2023-02-27,2023,9,"Bus, excluding Dublin Metro",878491.0
2023-02-27,2023,9,"All public transport, excluding LUAS",4947165.0
2023-02-27,2023,9,Rail,860894.0
2023-03-06,2023,10,Dublin Metro Bus,3133172.0
2023-03-06,2023,10,Rail,771731.0
2023-03-06,2023,10,"All public transport, excluding LUAS",4752490.0
2023-03-06,2023,10,"Bus, excluding Dublin Metro",847587.0
2023-03-13,2023,11,"Bus, excluding Dublin Metro",819312.0
2023-03-13,2023,11,Dublin Metro Bus,2964999.0
2023-03-13,2023,11,Rail,816678.0
2023-03-13,2023,11,"All public transport, excluding LUAS",4600989.0
2023-03-20,2023,12,Rail,851471.0
2023-03-20,2023,12,"All public transport, excluding LUAS",4908200.0
2023-03-20,2023,12,"Bus, excluding Dublin Metro",849417.0
2023-03-20,2023,12,Dublin Metro Bus,3207312.0
2023-03-27,2023,13,"All public transport, excluding LUAS",4819315.0
2023-03-27,2023,13,Dublin Metro Bus,3274633.0
2023-03-27,2023,13,Rail,689730.0
2023-03-27,2023,13,"Bus, excluding Dublin Metro",854952.0
2023-04-03,2023,14,"All public transport, excluding LUAS",4647677.0
2023-04-03,2023,14,Dublin Metro Bus,3030252.0
2023-04-03,2023,14,"Bus, excluding Dublin Metro",815998.0
2023-04-03,2023,14,Rail,801427.0
2023-04-10,2023,15,"Bus, excluding Dublin Metro",736415.0
2023-04-10,2023,15,"All public transport, excluding LUAS",4283047.0
2023-04-10,2023,15,Dublin Metro Bus,2814650.0
2023-04-10,2023,15,Rail,731982.0
2023-04-17,2023,16,Dublin Metro Bus,3267439.0
2023-04-17,2023,16,"Bus, excluding Dublin Metro",880537.0
2023-04-17,2023,16,"All public transport, excluding LUAS",4984917.0
2023-04-17,2023,16,Rail,836941.0
2023-04-24,2023,17,Rail,865758.0
2023-04-24,2023,17,Dublin Metro Bus,3325827.0
2023-04-24,2023,17,"All public transport, excluding LUAS",5075079.0
2023-04-24,2023,17,"Bus, excluding Dublin Metro",883494.0
2023-05-01,2023,18,Dublin Metro Bus,3082566.0
2023-05-01,2023,18,"Bus, excluding Dublin Metro",825877.0
2023-05-01,2023,18,"All public transport, excluding LUAS",4781337.0
2023-05-01,2023,18,Rail,872894.0
2023-05-08,2023,19,"All public transport, excluding LUAS",4959362.0
2023-05-08,2023,19,Dublin Metro Bus,3207366.0
2023-05-08,2023,19,Rail,873808.0
2023-05-08,2023,19,"Bus, excluding Dublin Metro",878188.0
2023-05-15,2023,20,"Bus, excluding Dublin Metro",862338.0
2023-05-15,2023,20,Dublin Metro Bus,3127899.0
2023-05-15,2023,20,"All public transport, excluding LUAS",4881386.0
2023-05-15,2023,20,Rail,891149.0
2023-05-22,2023,21,Dublin Metro Bus,3173348.0
2023-05-22,2023,21,Rail,890058.0
2023-05-22,2023,21,"Bus, excluding Dublin Metro",870042.0
2023-05-22,2023,21,"All public transport, excluding LUAS",4933448.0
2023-05-29,2023,22,"All public transport, excluding LUAS",5041788.0
2023-05-29,2023,22,"Bus, excluding Dublin Metro",865585.0
2023-05-29,2023,22,Rail,975543.0
2023-05-29,2023,22,Dublin Metro Bus,3200660.0
2023-06-05,2023,23,Dublin Metro Bus,2904610.0
2023-06-05,2023,23,Rail,816266.0
2023-06-05,2023,23,"Bus, excluding Dublin Metro",781015.0
2023-06-05,2023,23,"All public transport, excluding LUAS",4501891.0
2023-06-12,2023,24,Rail,880035.0
2023-06-12,2023,24,Dublin Metro Bus,3057569.0
2023-06-12,2023,24,"All public transport, excluding LUAS",4739643.0
2023-06-12,2023,24,"Bus, excluding Dublin Metro",802039.0
2023-06-19,2023,25,Rail,902728.0
2023-06-19,2023,25,"Bus, excluding Dublin Metro",781908.0
2023-06-19,2023,25,"All public transport, excluding LUAS",4741688.0
2023-06-19,2023,25,Dublin Metro Bus,3057052.0
2023-06-26,2023,26,"Bus, excluding Dublin Metro",760478.0
2023-06-26,2023,26,Rail,938599.0
2023-06-26,2023,26,Dublin Metro Bus,3108755.0
2023-06-26,2023,26,"All public transport, excluding LUAS",4807832.0
2023-07-03,2023,27,"All public transport, excluding LUAS",4715901.0
2023-07-03,2023,27,Rail,858711.0
2023-07-03,2023,27,Dublin Metro Bus,3046360.0
2023-07-03,2023,27,"Bus, excluding Dublin Metro",810830.0
2023-07-10,2023,28,"Bus, excluding Dublin Metro",799946.0
2023-07-10,2023,28,Dublin Metro Bus,2939504.0
2023-07-10,2023,28,"All public transport, excluding LUAS",4524574.0
2023-07-10,2023,28,Rail,785124.0
2023-07-17,2023,29,"All public transport, excluding LUAS",4562027.0
2023-07-17,2023,29,"Bus, excluding Dublin Metro",799518.0
2023-07-17,2023,29,Rail,806263.0
2023-07-17,2023,29,Dublin Metro Bus,2956246.0
2023-07-24,2023,30,"Bus, excluding Dublin Metro",788301.0
2023-07-24,2023,30,Dublin Metro Bus,2998446.0
2023-07-24,2023,30,Rail,814033.0
2023-07-24,2023,30,"All public transport, excluding LUAS",4600780.0
2023-07-31,2023,31,Dublin Metro Bus,2907903.0
2023-07-31,2023,31,"All public transport, excluding LUAS",4569783.0
2023-07-31,2023,31,Rail,842625.0
2023-07-31,2023,31,"Bus, excluding Dublin Metro",819255.0
2023-08-07,2023,32,Dublin Metro Bus,2807912.0
2023-08-07,2023,32,Rail,828688.0
2023-08-07,2023,32,"All public transport, excluding LUAS",4389395.0
2023-08-07,2023,32,"Bus, excluding Dublin Metro",752795.0
2023-08-14,2023,33,Rail,850226.0
2023-08-14,2023,33,"All public transport, excluding LUAS",4602156.0
2023-08-14,2023,33,Dublin Metro Bus,2935441.0
2023-08-14,2023,33,"Bus, excluding Dublin Metro",816489.0
2023-08-21,2023,34,"Bus, excluding Dublin Metro",845884.0
2023-08-21,2023,34,Dublin Metro Bus,2989135.0
2023-08-21,2023,34,Rail,818169.0
2023-08-21,2023,34,"All public transport, excluding LUAS",4653188.0
2023-08-28,2023,35,"Bus, excluding Dublin Metro",835183.0
2023-08-28,2023,35,Dublin Metro Bus,3134289.0
2023-08-28,2023,35,Rail,882381.0
2023-08-28,2023,35,"All public transport, excluding LUAS",4851853.0
2023-09-04,2023,36,Dublin Metro Bus,3266735.0
2023-09-04,2023,36,"All public transport, excluding LUAS",5125953.0
2023-09-04,2023,36,"Bus, excluding Dublin Metro",910823.0
2023-09-04,2023,36,Rail,948395.0
2023-09-11,2023,37,Rail,789208.0
2023-09-11,2023,37,"All public transport, excluding LUAS",5046348.0
2023-09-11,2023,37,Dublin Metro Bus,3332761.0
2023-09-11,2023,37,"Bus, excluding Dublin Metro",924379.0
2023-09-18,2023,38,"Bus, excluding Dublin Metro",984371.0
2023-09-18,2023,38,Dublin Metro Bus,3558455.0
2023-09-18,2023,38,Rail,945832.0
2023-09-18,2023,38,"All public transport, excluding LUAS",5488658.0
2023-09-25,2023,39,"Bus, excluding Dublin Metro",950613.0
2023-09-25,2023,39,Rail,932441.0
2023-09-25,2023,39,"All public transport, excluding LUAS",5400563.0
2023-09-25,2023,39,Dublin Metro Bus,3517509.0
2023-10-02,2023,40,"Bus, excluding Dublin Metro",894313.0
2023-10-02,2023,40,Dublin Metro Bus,3595880.0
2023-10-02,2023,40,Rail,974332.0
2023-10-02,2023,40,"All public transport, excluding LUAS",5464525.0
2023-10-09,2023,41,Dublin Metro Bus,3629044.0
2023-10-09,2023,41,"Bus, excluding Dublin Metro",923175.0
2023-10-09,2023,41,Rail,925784.0
2023-10-09,2023,41,"All public transport, excluding LUAS",5478003.0
2023-10-16,2023,42,Dublin Metro Bus,3492660.0
2023-10-16,2023,42,Rail,912832.0
2023-10-16,2023,42,"Bus, excluding Dublin Metro",933376.0
2023-10-16,2023,42,"All public transport, excluding LUAS",5338868.0
2023-10-23,2023,43,Dublin Metro Bus,3504413.0
2023-10-23,2023,43,"Bus, excluding Dublin Metro",974091.0
2023-10-23,2023,43,"All public transport, excluding LUAS",5366554.0
2023-10-23,2023,43,Rail,888050.0
2023-10-30,2023,44,"All public transport, excluding LUAS",0.0
2023-10-30,2023,44,Dublin Metro Bus,0.0
2023-10-30,2023,44,"Bus, excluding Dublin Metro",0.0
2023-10-30,2023,44,Rail,0.0
2023-11-06,2023,45,"All public transport, excluding LUAS",0.0
2023-11-06,2023,45,"Bus, excluding Dublin Metro",0.0
2023-11-06,2023,45,Dublin Metro Bus,0.0
2023-11-06,2023,45,Rail,0.0
2023-11-13,2023,46,"All public transport, excluding LUAS",0.0
2023-11-13,2023,46,"Bus, excluding Dublin Metro",0.0
2023-11-13,2023,46,Dublin Metro Bus,0.0
2023-11-13,2023,46,Rail,0.0
2023-11-20,2023,47,"Bus, excluding Dublin Metro",0.0
2023-11-20,2023,47,Rail,0.0
2023-11-20,2023,47,Dublin Metro Bus,0.0
2023-11-20,2023,47,"All public transport, excluding LUAS",0.0
2023-11-27,2023,48,Dublin Metro Bus,0.0
2023-11-27,2023,48,"Bus, excluding Dublin Metro",0.0
2023-11-27,2023,48,Rail,0.0
2023-11-27,2023,48,"All public transport, excluding LUAS",0.0
2023-12-04,2023,49,"All public transport, excluding LUAS",0.0
2023-12-04,2023,49,Rail,0.0
2023-12-04,2023,49,"Bus, excluding Dublin Metro",0.0
2023-12-04,2023,49,Dublin Metro Bus,0.0
2023-12-11,2023,50,Rail,0.0
2023-12-11,2023,50,"Bus, excluding Dublin Metro",0.0
2023-12-11,2023,50,Dublin Metro Bus,0.0
2023-12-11,2023,50,"All public transport, excluding LUAS",0.0
2023-12-18,2023,51,Rail,0.0
2023-12-18,2023,51,"All public transport, excluding LUAS",0.0
2023-12-18,2023,51,Dublin Metro Bus,0.0
2023-12-18,2023,51,"Bus, excluding Dublin Metro",0.0
2023-12-25,2023,52,Rail,0.0
2023-12-25,2023,52,"Bus, excluding Dublin Metro",0.0
2023-12-25,2023,52,"All public transport, excluding LUAS",0.0
2023-12-25,2023,52,Dublin Metro Bus,0.0
2024-01-01,2023,53,"Bus, excluding Dublin Metro",0.0
2024-01-01,2023,53,Dublin Metro Bus,0.0
2024-01-01,2023,53,Rail,0.0
2024-01-01,2023,53,"All public transport, excluding LUAS",0.0
