Year,Mode of Transport,Journeys
2019,"All public transport, excluding LUAS",188557151.0
2019,"Bus, excluding Dublin Metro",36901670.0
2019,Dublin Metro Bus,151655481.0
2019,Rail,0.0
2020,"All public transport, excluding LUAS",116305960.0
2020,"Bus, excluding Dublin Metro",19506540.0
2020,Dublin Metro Bus,78017550.0
2020,Rail,18781870.0
2021,"All public transport, excluding LUAS",116484695.0
2021,"Bus, excluding Dublin Metro",21041474.0
2021,Dublin Metro Bus,78370260.0
2021,Rail,17072961.0
2022,"All public transport, excluding LUAS",202731661.0
2022,"Bus, excluding Dublin Metro",35395137.0
2022,Dublin Metro Bus,132598407.0
2022,Rail,34738117.0
2023,"All public transport, excluding LUAS",206829925.0
2023,"Bus, excluding Dublin Metro",36201615.0
2023,Dublin Metro Bus,134433571.0
2023,Rail,36194739.0
